{"cameraMode":{"drawMode":0,"name":"Shaded","section":"Shading Mode"},"sceneLighting":false,"audioPlay":false,"sceneViewState":{"m_AlwaysRefresh":false,"showFog":true,"showSkybox":false,"showFlares":true,"showImageEffects":true,"showParticleSystems":true,"showVisualEffectGraphs":true,"m_FxEnabled":true},"in2DMode":false,"pivot":{"x":-0.008897781372070313,"y":1.3740942478179932,"z":-0.007771968841552734},"rotation":{"x":0.15393288433551789,"y":-0.6806190013885498,"z":0.14956457912921906,"w":0.7004995346069336},"size":8.231553077697754,"orthographic":false}