{"cameraMode":{"drawMode":0,"name":"Shaded","section":"Shading Mode"},"sceneLighting":true,"audioPlay":false,"sceneViewState":{"m_AlwaysRefresh":false,"showFog":true,"showSkybox":true,"showFlares":true,"showImageEffects":true,"showParticleSystems":true,"showVisualEffectGraphs":true,"m_FxEnabled":true},"in2DMode":false,"pivot":{"x":20.982892990112306,"y":-1.6304244995117188,"z":-23.147197723388673},"rotation":{"x":0.15198341012001038,"y":-0.1666780263185501,"z":0.026011306792497636,"w":0.9738867878913879},"size":23.07859992980957,"orthographic":false}